<?xml version="1.0" encoding="UTF-8"?>
<definitions xmlns="http://www.omg.org/spec/BPMN/20100524/MODEL" xmlns:xsi="http://www.w3.org/2001/XMLSchema-instance" xmlns:xsd="http://www.w3.org/2001/XMLSchema" xmlns:activiti="http://activiti.org/bpmn" xmlns:bpmndi="http://www.omg.org/spec/BPMN/20100524/DI" xmlns:omgdc="http://www.omg.org/spec/DD/20100524/DC" xmlns:omgdi="http://www.omg.org/spec/DD/20100524/DI" typeLanguage="http://www.w3.org/2001/XMLSchema" expressionLanguage="http://www.w3.org/1999/XPath" targetNamespace="http://www.activiti.org/processdef">
  <process id="correctionprocess" name="转正申请审批" isExecutable="true">
    <documentation>转正申请审批</documentation>
    <startEvent id="sid-DD3C7D79-187D-4E33-8BD0-D0EA71E47340"></startEvent>
    <userTask id="sid-84AA3028-84C4-450B-9589-98E65DF4DCE7" name="主管审批" activiti:assignee="1067246875800000001"></userTask>
    <sequenceFlow id="sid-426CA66B-6239-4A19-A2C5-8D0D18AB8A76" sourceRef="sid-DD3C7D79-187D-4E33-8BD0-D0EA71E47340" targetRef="sid-84AA3028-84C4-450B-9589-98E65DF4DCE7"></sequenceFlow>
    <userTask id="sid-172A486D-0720-48FD-9710-B379FF0C54E4" name="部门经理审批" activiti:assignee="1067246875800000001"></userTask>
    <sequenceFlow id="sid-E8346310-B9BB-446E-9114-C27D9582B3BD" sourceRef="sid-84AA3028-84C4-450B-9589-98E65DF4DCE7" targetRef="sid-172A486D-0720-48FD-9710-B379FF0C54E4"></sequenceFlow>
    <userTask id="sid-CBA3629F-884D-46AD-BAD2-870354CEF926" name="人事审批" activiti:assignee="1067246875800000001"></userTask>
    <sequenceFlow id="sid-F21F06AC-3FA0-461C-8740-2877AD96B7E1" sourceRef="sid-172A486D-0720-48FD-9710-B379FF0C54E4" targetRef="sid-CBA3629F-884D-46AD-BAD2-870354CEF926"></sequenceFlow>
    <userTask id="sid-A7324C6F-951C-4CF5-A26D-85307F4F80F8" name="总经理审批" activiti:assignee="1067246875800000001"></userTask>
    <sequenceFlow id="sid-CFECAC60-C712-4904-A564-1ABF184B0E29" sourceRef="sid-CBA3629F-884D-46AD-BAD2-870354CEF926" targetRef="sid-A7324C6F-951C-4CF5-A26D-85307F4F80F8"></sequenceFlow>
    <endEvent id="sid-3DB71191-6E2B-4BD2-A95B-6155E6050F1E"></endEvent>
    <sequenceFlow id="sid-02EBD073-9EBC-4343-900D-B0C7C007E012" sourceRef="sid-A7324C6F-951C-4CF5-A26D-85307F4F80F8" targetRef="sid-3DB71191-6E2B-4BD2-A95B-6155E6050F1E"></sequenceFlow>
  </process>
  <bpmndi:BPMNDiagram id="BPMNDiagram_correctionprocess">
    <bpmndi:BPMNPlane bpmnElement="correctionprocess" id="BPMNPlane_correctionprocess">
      <bpmndi:BPMNShape bpmnElement="sid-DD3C7D79-187D-4E33-8BD0-D0EA71E47340" id="BPMNShape_sid-DD3C7D79-187D-4E33-8BD0-D0EA71E47340">
        <omgdc:Bounds height="30.0" width="30.0" x="141.0" y="316.0"></omgdc:Bounds>
      </bpmndi:BPMNShape>
      <bpmndi:BPMNShape bpmnElement="sid-84AA3028-84C4-450B-9589-98E65DF4DCE7" id="BPMNShape_sid-84AA3028-84C4-450B-9589-98E65DF4DCE7">
        <omgdc:Bounds height="80.0" width="100.0" x="216.0" y="291.0"></omgdc:Bounds>
      </bpmndi:BPMNShape>
      <bpmndi:BPMNShape bpmnElement="sid-172A486D-0720-48FD-9710-B379FF0C54E4" id="BPMNShape_sid-172A486D-0720-48FD-9710-B379FF0C54E4">
        <omgdc:Bounds height="80.0" width="100.0" x="361.0" y="291.0"></omgdc:Bounds>
      </bpmndi:BPMNShape>
      <bpmndi:BPMNShape bpmnElement="sid-CBA3629F-884D-46AD-BAD2-870354CEF926" id="BPMNShape_sid-CBA3629F-884D-46AD-BAD2-870354CEF926">
        <omgdc:Bounds height="80.0" width="100.0" x="495.0" y="291.0"></omgdc:Bounds>
      </bpmndi:BPMNShape>
      <bpmndi:BPMNShape bpmnElement="sid-A7324C6F-951C-4CF5-A26D-85307F4F80F8" id="BPMNShape_sid-A7324C6F-951C-4CF5-A26D-85307F4F80F8">
        <omgdc:Bounds height="80.0" width="100.0" x="645.0" y="291.0"></omgdc:Bounds>
      </bpmndi:BPMNShape>
      <bpmndi:BPMNShape bpmnElement="sid-3DB71191-6E2B-4BD2-A95B-6155E6050F1E" id="BPMNShape_sid-3DB71191-6E2B-4BD2-A95B-6155E6050F1E">
        <omgdc:Bounds height="28.0" width="28.0" x="796.0" y="317.0"></omgdc:Bounds>
      </bpmndi:BPMNShape>
      <bpmndi:BPMNEdge bpmnElement="sid-F21F06AC-3FA0-461C-8740-2877AD96B7E1" id="BPMNEdge_sid-F21F06AC-3FA0-461C-8740-2877AD96B7E1">
        <omgdi:waypoint x="461.0" y="331.0"></omgdi:waypoint>
        <omgdi:waypoint x="495.0" y="331.0"></omgdi:waypoint>
      </bpmndi:BPMNEdge>
      <bpmndi:BPMNEdge bpmnElement="sid-E8346310-B9BB-446E-9114-C27D9582B3BD" id="BPMNEdge_sid-E8346310-B9BB-446E-9114-C27D9582B3BD">
        <omgdi:waypoint x="316.0" y="331.0"></omgdi:waypoint>
        <omgdi:waypoint x="361.0" y="331.0"></omgdi:waypoint>
      </bpmndi:BPMNEdge>
      <bpmndi:BPMNEdge bpmnElement="sid-02EBD073-9EBC-4343-900D-B0C7C007E012" id="BPMNEdge_sid-02EBD073-9EBC-4343-900D-B0C7C007E012">
        <omgdi:waypoint x="745.0" y="331.0"></omgdi:waypoint>
        <omgdi:waypoint x="796.0" y="331.0"></omgdi:waypoint>
      </bpmndi:BPMNEdge>
      <bpmndi:BPMNEdge bpmnElement="sid-CFECAC60-C712-4904-A564-1ABF184B0E29" id="BPMNEdge_sid-CFECAC60-C712-4904-A564-1ABF184B0E29">
        <omgdi:waypoint x="595.0" y="331.0"></omgdi:waypoint>
        <omgdi:waypoint x="645.0" y="331.0"></omgdi:waypoint>
      </bpmndi:BPMNEdge>
      <bpmndi:BPMNEdge bpmnElement="sid-426CA66B-6239-4A19-A2C5-8D0D18AB8A76" id="BPMNEdge_sid-426CA66B-6239-4A19-A2C5-8D0D18AB8A76">
        <omgdi:waypoint x="171.0" y="331.0"></omgdi:waypoint>
        <omgdi:waypoint x="216.0" y="331.0"></omgdi:waypoint>
      </bpmndi:BPMNEdge>
    </bpmndi:BPMNPlane>
  </bpmndi:BPMNDiagram>
</definitions>